Source,Target
50,1
50,2
50,2
50,2
50,2
55,1
55,3
56,4
57,4
58,4
59,5
59,4
58,5
62,5
63,5
64,6
64,7
64,6
67,6
67,6
67,6
67,6
64,5
72,5
72,5
72,5
72,5
76,8
63,9
78,9
78,9
78,9
78,9
78,9
78,9
78,9
78,9
63,9
87,9
87,9
87,9
63,9
91,6
91,9
91,6
91,7
91,9
91,9
91,9
91,9
99,9
99,9
99,9
91,9
103,9
103,9
91,9
106,9
91,9
91,6
91,5
91,6
91,9
91,9
91,9
63,6
115,6
115,6
115,6
115,6
115,6
115,5
115,6
63,6
123,6
123,6
123,6
123,7
123,7
123,7
63,6
130,6
130,6
130,6
130,6
130,9
130,6
63,10
137,10
137,5
137,10
137,5
62,5
142,11
143,11
143,11
143,11
143,11
143,11
143,11
143,11
143,11
143,11
143,11
143,11
143,11
143,11
142,11
142,7
142,6
159,6
160,6
160,12
160,6
142,6
142,6
142,11
166,11
166,11
166,11
166,11
166,11
166,6
166,11
166,11
166,11
166,11
166,11
142,13
178,13
178,9
180,6
178,13
178,9
178,13
178,13
185,13
185,6
185,6
185,6
178,13
178,13
178,9
178,13
193,13
178,13
178,9
142,11
142,12
142,6
58,4
200,4
201,14
202,14
203,15
204,16
205,17
205,18
205,19
208,19
208,19
205,17
204,15
212,15
212,15
214,15
214,15
214,15
214,15
204,18
203,18
220,20
203,21
222,22
222,22
222,18
222,18
222,21
227,21
228,21
222,22
202,23
231,23
232,24
233,23
233,24
235,24
236,24
236,24
235,24
239,24
239,24
235,24
233,23
233,25
233,23
233,24
246,24
247,24
247,24
246,24
250,24
251,24
252,26
251,24
251,24
251,26
256,26
257,26
258,26
257,26
260,26
257,26
262,26
256,26
256,26
265,26
256,26
256,26
251,24
250,24
250,24
250,24
250,24
250,24
250,24
250,24
276,24
277,24
277,24
277,24
276,24
281,24
281,26
283,26
284,26
285,26
281,26
232,23
232,25
289,27
289,28
289,23
231,23
293,23
294,23
294,29
296,23
297,23
297,23
294,23
300,8
300,28
302,28
302,28
302,28
305,28
302,28
300,30
300,30
300,23
300,23
311,23
300,8
300,31
300,8
294,23
294,23
317,23
317,23
317,23
294,29
321,29
294,23
323,28
294,27
325,27
326,27
327,27
294,8
293,23
330,23
331,23
331,23
330,23
330,23
335,23
335,23
202,14
338,32
339,32
340,32
341,32
342,32
342,32
340,32
339,32
338,32
338,23
202,33
349,34
202,23
202,33
202,23
202,23
202,23
202,23
202,23
202,34
202,35
202,36
202,37
202,23
362,38
202,23
202,34
202,35
202,36
367,36
367,36
367,36
367,34
367,36
367,36
373,36
374,36
375,36
376,36
377,36
378,36
379,36
379,36
367,36
367,36
202,23
202,33
202,23
202,23
202,23
202,23
202,23
202,34
202,35
202,36
202,37
202,14
395,17
396,17
395,17
398,32
399,32
399,32
398,17
402,32
395,19
404,19
404,19
395,17
407,17
408,17
395,32
395,32
202,37
201,20
201,2
201,33
201,39
201,39
201,39
201,39
201,39
201,39
201,39
201,39
201,39
201,33
201,39
201,40
201,39
428,38
201,2
201,33
201,39
201,39
201,39
201,39
201,39
201,39
201,39
201,39
201,39
201,33
201,39
201,39
201,2
201,33
58,5
58,4
447,41
58,4
449,41
450,42
450,42
452,42
453,42
453,42
452,42
452,42
457,43
458,43
459,43
460,43
457,43
462,43
457,43
457,43
457,42
457,43
467,43
468,43
469,43
452,42
452,42
472,42
472,42
474,42
474,42
472,43
477,43
472,43
479,43
472,42
472,43
472,42
472,43
450,41
450,42
450,41
487,41
487,41
450,41
450,41
449,5
492,5
493,38
492,39
495,39
495,39
449,39
498,39
498,39
498,39
498,39
498,39
498,39
498,39
498,25
506,39
506,39
506,39
498,33
498,39
511,39
498,25
498,44
449,5
515,10
516,5
517,38
518,38
518,38
518,38
518,38
518,38
516,5
516,5
516,5
515,5
515,5
528,5
528,5
449,38
531,38
532,38
531,45
534,46
535,45
536,7
536,7
538,7
538,7
538,7
538,7
534,11
534,11
534,46
545,11
545,11
545,11
545,11
545,11
545,11
545,11
534,46
531,46
531,38
531,38
57,40
557,40
558,40
558,40
558,40
557,40
562,40
562,40
562,40
57,40
566,40
566,40
566,40
566,40
566,40
572,1
572,40
573,40
574,40
573,40
573,40
572,3
578,23
579,23
580,23
580,24
582,24
583,24
583,23
583,23
583,26
587,26
583,24
583,25
583,23
583,24
582,24
582,24
582,24
595,24
596,26
597,26
598,26
595,24
595,24
601,24
595,24
603,26
604,26
605,26
606,26
603,26
608,26
603,24
595,24
611,26
611,26
595,24
580,25
580,23
579,23
579,23
618,8
619,8
618,28
618,23
618,29
618,23
624,28
624,47
624,31
618,23
618,47
618,23
618,23
618,23
618,29
618,27
634,27
618,8
618,29
579,23
578,15
639,15
640,15
641,15
642,15
642,15
642,18
642,15
642,19
642,18
648,18
642,21
650,14
651,32
651,32
651,32
651,47
650,18
650,22
650,21
658,21
642,14
660,19
660,17
660,17
660,17
660,32
660,19
660,32
660,18
668,19
642,15
642,15
578,23
578,15
578,33
578,36
675,35
675,34
675,37
578,23
679,38
679,38
681,38
682,38
681,38
684,38
685,38
681,38
681,38
688,38
689,38
688,38
691,38
679,38
578,15
578,36
695,36
696,36
697,36
698,36
697,36
578,23
578,15
578,33
578,35
578,36
578,34
578,37
707,37
707,28
572,4
710,38
711,38
712,2
712,39
712,39
712,39
712,39
712,39
711,20
711,38
720,39
720,39
720,39
720,39
711,39
725,38
725,38
725,38
711,2
711,39
711,39
711,39
711,39
711,39
711,39
711,39
711,39
711,39
738,39
738,39
738,39
711,39
711,33
710,4
744,10
745,20
745,48
745,5
744,5
749,5
750,6
751,6
752,9
753,9
754,6
755,9
754,9
752,6
752,6
752,9
749,9
761,9
762,9
762,9
762,13
762,9
762,9
762,49
761,9
761,9
761,9
761,5
761,9
749,5
749,11
775,11
776,13
777,13
776,13
779,13
776,11
781,11
776,13
783,13
783,9
783,13
783,13
783,13
749,9
789,9
789,9
789,9
749,10
749,11
794,11
795,11
796,11
796,11
798,11
799,11
800,11
800,11
800,11
800,11
799,11
805,11
805,11
805,11
798,11
798,46
796,11
811,11
811,11
795,11
795,46
795,11
795,11
817,11
817,11
795,11
749,5
749,10
822,10
822,48
744,39
825,39
825,39
825,39
825,39
825,39
825,39
825,39
825,39
833,39
833,39
833,39
825,25
744,33
744,4
839,41
840,42
841,43
842,43
843,43
841,42
841,42
840,42
847,42
848,42
847,42
850,43
851,43
852,43
840,42
854,43
840,41
840,41
840,41
840,41
840,41
839,5
861,5
862,5
862,10
862,9
861,6
861,6
867,6
861,5
861,5
861,5
744,39
744,38
873,38
873,38
873,38
873,5
877,38
878,6
873,38
873,38
710,4
882,39
883,39
883,39
882,44
710,4
888,1
888,2
889,2
890,2
890,2
890,2
893,2
894,2
894,2
894,2
894,2
893,2
893,2
893,2
890,2
902,2
889,2
904,2
905,2
906,2
906,2
906,2
906,2
905,2
905,2
905,2
905,2
904,2
915,2
915,2
50,50
51,50
52,50
53,50
54,50
55,55
56,55
57,56
58,57
59,58
60,59
61,59
62,58
63,62
64,63
65,64
66,64
67,64
68,67
69,67
70,67
71,67
72,64
73,72
74,72
75,72
76,72
77,76
78,63
79,78
80,78
81,78
82,78
83,78
84,78
85,78
86,78
87,63
88,87
89,87
90,87
91,63
92,91
93,91
94,91
95,91
96,91
97,91
98,91
99,91
100,99
101,99
102,99
103,91
104,103
105,103
106,91
107,106
108,91
109,91
110,91
111,91
112,91
113,91
114,91
115,63
116,115
117,115
118,115
119,115
120,115
121,115
122,115
123,63
124,123
125,123
126,123
127,123
128,123
129,123
130,63
131,130
132,130
133,130
134,130
135,130
136,130
137,63
138,137
139,137
140,137
141,137
142,62
143,142
144,143
145,143
146,143
147,143
148,143
149,143
150,143
151,143
152,143
153,143
154,143
155,143
156,143
157,142
158,142
159,142
160,159
161,160
162,160
163,160
164,142
165,142
166,142
167,166
168,166
169,166
170,166
171,166
172,166
173,166
174,166
175,166
176,166
177,166
178,142
179,178
180,178
181,180
182,178
183,178
184,178
185,178
186,185
187,185
188,185
189,185
190,178
191,178
192,178
193,178
194,193
195,178
196,178
197,142
198,142
199,142
200,58
201,200
202,201
203,202
204,203
205,204
206,205
207,205
208,205
209,208
210,208
211,205
212,204
213,212
214,212
215,214
216,214
217,214
218,214
219,204
220,203
221,220
222,203
223,222
224,222
225,222
226,222
227,222
228,227
229,228
230,222
231,202
232,231
233,232
234,233
235,233
236,235
237,236
238,236
239,235
240,239
241,239
242,235
243,233
244,233
245,233
246,233
247,246
248,247
249,247
250,246
251,250
252,251
253,252
254,251
255,251
256,251
257,256
258,257
259,258
260,257
261,260
262,257
263,262
264,256
265,256
266,265
267,256
268,256
269,251
270,250
271,250
272,250
273,250
274,250
275,250
276,250
277,276
278,277
279,277
280,277
281,276
282,281
283,281
284,283
285,284
286,285
287,281
288,232
289,232
290,289
291,289
292,289
293,231
294,293
295,294
296,294
297,296
298,297
299,297
300,294
301,300
302,300
303,302
304,302
305,302
306,305
307,302
308,300
309,300
310,300
311,300
312,311
313,300
314,300
315,300
316,294
317,294
318,317
319,317
320,317
321,294
322,321
323,294
324,323
325,294
326,325
327,326
328,327
329,294
330,293
331,330
332,331
333,331
334,330
335,330
336,335
337,335
338,202
339,338
340,339
341,340
342,341
343,342
344,342
345,340
346,339
347,338
348,338
349,202
350,349
351,202
352,202
353,202
354,202
355,202
356,202
357,202
358,202
359,202
360,202
361,202
362,202
363,362
364,202
365,202
366,202
367,202
368,367
369,367
370,367
371,367
372,367
373,367
374,373
375,374
376,375
377,376
378,377
379,378
380,379
381,379
382,367
383,367
384,202
385,202
386,202
387,202
388,202
389,202
390,202
391,202
392,202
393,202
394,202
395,202
396,395
397,396
398,395
399,398
400,399
401,399
402,398
403,402
404,395
405,404
406,404
407,395
408,407
409,408
410,395
411,395
412,202
413,201
414,201
415,201
416,201
417,201
418,201
419,201
420,201
421,201
422,201
423,201
424,201
425,201
426,201
427,201
428,201
429,428
430,201
431,201
432,201
433,201
434,201
435,201
436,201
437,201
438,201
439,201
440,201
441,201
442,201
443,201
444,201
445,201
446,58
447,58
448,447
449,58
450,449
451,450
452,450
453,452
454,453
455,453
456,452
457,452
458,457
459,458
460,459
461,460
462,457
463,462
464,457
465,457
466,457
467,457
468,467
469,468
470,469
471,452
472,452
473,472
474,472
475,474
476,474
477,472
478,477
479,472
480,479
481,472
482,472
483,472
484,472
485,450
486,450
487,450
488,487
489,487
490,450
491,450
492,449
493,492
494,493
495,492
496,495
497,495
498,449
499,498
500,498
501,498
502,498
503,498
504,498
505,498
506,498
507,506
508,506
509,506
510,498
511,498
512,511
513,498
514,498
515,449
516,515
517,516
518,517
519,518
520,518
521,518
522,518
523,518
524,516
525,516
526,516
527,515
528,515
529,528
530,528
531,449
532,531
533,532
534,531
535,534
536,535
537,536
538,536
539,538
540,538
541,538
542,538
543,534
544,534
545,534
546,545
547,545
548,545
549,545
550,545
551,545
552,545
553,534
554,531
555,531
556,531
557,57
558,557
559,558
560,558
561,558
562,557
563,562
564,562
565,562
566,57
567,566
568,566
569,566
570,566
571,566
572,572
573,572
574,573
575,574
576,573
577,573
578,572
579,578
580,579
581,580
582,580
583,582
584,583
585,583
586,583
587,583
588,587
589,583
590,583
591,583
592,583
593,582
594,582
595,582
596,595
597,596
598,597
599,598
600,595
601,595
602,601
603,595
604,603
605,604
606,605
607,606
608,603
609,608
610,603
611,595
612,611
613,611
614,595
615,580
616,580
617,579
618,579
619,618
620,619
621,618
622,618
623,618
624,618
625,624
626,624
627,624
628,618
629,618
630,618
631,618
632,618
633,618
634,618
635,634
636,618
637,618
638,579
639,578
640,639
641,640
642,641
643,642
644,642
645,642
646,642
647,642
648,642
649,648
650,642
651,650
652,651
653,651
654,651
655,651
656,650
657,650
658,650
659,658
660,642
661,660
662,660
663,660
664,660
665,660
666,660
667,660
668,660
669,668
670,642
671,642
672,578
673,578
674,578
675,578
676,675
677,675
678,675
679,578
680,679
681,679
682,681
683,682
684,681
685,684
686,685
687,681
688,681
689,688
690,689
691,688
692,691
693,679
694,578
695,578
696,695
697,696
698,697
699,698
700,697
701,578
702,578
703,578
704,578
705,578
706,578
707,578
708,707
709,707
710,572
711,710
712,711
713,712
714,712
715,712
716,712
717,712
718,712
719,711
720,711
721,720
722,720
723,720
724,720
725,711
726,725
727,725
728,725
729,711
730,711
731,711
732,711
733,711
734,711
735,711
736,711
737,711
738,711
739,738
740,738
741,738
742,711
743,711
744,710
745,744
746,745
747,745
748,745
749,744
750,749
751,750
752,751
753,752
754,753
755,754
756,755
757,754
758,752
759,752
760,752
761,749
762,761
763,762
764,762
765,762
766,762
767,762
768,762
769,761
770,761
771,761
772,761
773,761
774,749
775,749
776,775
777,776
778,777
779,776
780,779
781,776
782,781
783,776
784,783
785,783
786,783
787,783
788,783
789,749
790,789
791,789
792,789
793,749
794,749
795,794
796,795
797,796
798,796
799,798
800,799
801,800
802,800
803,800
804,800
805,799
806,805
807,805
808,805
809,798
810,798
811,796
812,811
813,811
814,795
815,795
816,795
817,795
818,817
819,817
820,795
821,749
822,749
823,822
824,822
825,744
826,825
827,825
828,825
829,825
830,825
831,825
832,825
833,825
834,833
835,833
836,833
837,825
838,744
839,744
840,839
841,840
842,841
843,842
844,843
845,841
846,841
847,840
848,847
849,848
850,847
851,850
852,851
853,852
854,840
855,854
856,840
857,840
858,840
859,840
860,840
861,839
862,861
863,862
864,862
865,862
866,861
867,861
868,867
869,861
870,861
871,861
872,744
873,744
874,873
875,873
876,873
877,873
878,877
879,878
880,873
881,873
882,710
883,882
884,883
885,883
886,882
887,710
888,888
889,888
890,889
891,890
892,890
893,890
894,893
895,894
896,894
897,894
898,894
899,893
900,893
901,893
902,890
903,902
904,889
905,904
906,905
907,906
908,906
909,906
910,906
911,905
912,905
913,905
914,905
915,904
916,915
917,915
